catégorie;énoncé;réponse1;réponse2;réponse3;bonne_réponse
club;En quelle année l’OGC Nice a-t-il été fondé ?;1899;1904;1919;1
club;Quel nom portait l’OGC Nice à sa création ?;Gymnaste Club de Nice;Olympique Niçois;AS Nice Côte d’Azur;0
club;Quelle décennie est considérée comme l'âge d’or du club avec plusieurs titres de champion de France ?;Les années 70;Les années 50;Les années 90;1
club;Quelle saison a vu l’OGC Nice remonter en Ligue 1 après plusieurs années en seconde division ?;1995–1996;2001–2002;2004–2005;1
club;Quelle période a été l’une des plus difficiles sportivement pour le club ?;Les années 60;Les années 80–90 avec des relégations répétées;Les années 2010;1
club;Quel événement historique marque la saison 1951-1952 pour l’OGCN ?;Première victoire contre Monaco;Doublé Championnat – Coupe de France;Premier match en Coupe d’Europe;1
club;Quelle saison a vu l’OGC Nice remporter son tout premier titre de champion de France ?;1947–1948;1950–1951;1954–1955;1
club;Quel joueur fut un artisan majeur du titre de 1956 avec ses 30 buts en championnat ?;Jacques Foix;Jean Luciano;Just Fontaine;2
club;En quelle année le club a-t-il été relégué pour la dernière fois en Ligue 2 avant sa remontée en 2002 ?;1994;1997;2000;1
club;Quelle victoire historique à l’extérieur symbolise le retour de l’OGCN parmi les grands en 2016–2017 ?;Nice - marseille (3-2);PSG – Nice (0–2);Lyon – Nice (1–4);0
club;Dans les années 1990, le club est connu pour une instabilité chronique. Combien d’entraîneurs se succèdent entre 1990 et 2000 ?;4;6;9;2
club;Quelle entreprise est propriétaire du club depuis 2019 ?;Red Bull;Qatar Sports Investments;INEOS;2
club;quel fut l’adversaire lors des barrages du maintien saison 1989-1990, avec une victoire 6-0 au ray;guinguamp;strasbourg;Metz;1
club;Quelle est la particularité de l’exercice 2016–2017 pour l’OGC Nice ?;Dernier au classement à la mi-saison;Vainqueur de la Coupe de la Ligue;3e de Ligue 1 avec Balotelli, Belhanda et Seri;2
club;Quel ancien président est resté dans les mémoires pour avoir redressé le club au début des années 2000 ?;Jean-Pierre Rivère;Maurice Cohen;Gilbert Stellardo;1
club;Combien de titres de champion de France l’OGC Nice a-t-il remportés ?;2;3;4;2
club;En quelle année l’OGC Nice a-t-il remporté sa dernière Coupe de France ?;1951;1997;1981;1
club;Contre quel club le Gym a-t-il remporté la Coupe de France 1997 ?;Bordeaux;Guingamp;Metz;1
club;Lors de quelle saison l’OGC Nice a-t-il joué sa première finale de Coupe de France ?;1951–1952;1946–1947;1962–1963;0
club;Quelle performance européenne marque la saison 2017–2018 de l’OGCN ?;Demi-finale de Ligue Europa;16e de finale de Ligue Europa, éliminé par le Lokomotiv Moscou;Quart de finale contre le Real Madrid;1
club;Quel club elimina l’ogcnice en barrage de ligue des champions lors de la saison 2017-2018;Lazio Rome;SSC Napoli;Inter Milan;1
club;Lors de la saison 1951–1952, quel doublé l’OGC Nice réalise-t-il ?;Champion de France + Trophée des Champions;Champion de France + Coupe Charles Drago;Championnat + Coupe de France;2
club;Quel est le meilleur classement européen de l’OGC Nice en Ligue Europa (ex-Coupe UEFA) ?;Demi-finales;Quarts de finale;Huitièmes de finale;2
club;Lors de la Coupe d’Europe 1956–1957, quel club mythique a éliminé le Gym ?;Real Madrid;AC Milan;Barcelone;0
club;Qui est le meilleur buteur de l’histoire de l’OGC Nice en matchs officiels ?;Roger Piantoni;Victor Nurenberg;Pancho González;1
club;Quel gardien de but emblématique a marqué les années 2000 avec son charisme et ses arrêts réflexes ?;Hugo Lloris;Fabien Barthez;David Ospina;0
club;Combien de matchs Victor Nurenberg à t il joué avec l’ogcnice;309;405;206;0
club;Mario Balotelli a marqué les esprits à Nice. Combien de buts a-t-il inscrit en Ligue 1 avec le Gym ?;23;33;43;2
club;Quel est le nom de l’attaquant argentin qui a fait le bonheur des aiglons entre 2012 et 2014 ?;Dario cvitanich;Ederson;Pablito Rodriguez;0
club;Quel joueur marqua un but incroyable de 40 mètres lors du derby monegasque en 2005;Kaba Diawara;Ederson;Sammy Traore;0
club;Quel joueur niçois, né à Nice marqua le premier but de la magnifique victoire 5 à 4 contre l’OM en coupe de france 2014;Anthony Scarramozino;Alexis Bosetti;Neal Maupay;0
club;"Qui était surnommé ""Pancho"", et est considéré comme une légende du club dans les années 1950 ?";Pancho Villa;Pancho González;Pancho Segura;1
club;Quel attaquant ivoirien à fait le bonheur du club dans les années 2000 ?;Kaba Diawara;Baky Koné;Didier Drogba;0
club;Quel defenseur durant les saisons 2013-2017, passé aussi par le psg est aujourd’hui directeur sportif du Havre AC;Mathieu Bodmer;Sammy Traoré;Renato Civelli;0
club;Quel entraîneur a mené l’OGC Nice au titre de champion de France en 1951 ?;Just Fontaine;Numa Andoire;Jean Snella;1
club;Quel joueur et entraîneur emblématique des années 1950 a remporté deux titres de champion avec Nice ?;Jean Luciano;just fontaine;Robert Herbin;0
club;Quel coach suisse a marqué un tournant en ramenant du jeu et une 3e place en Ligue 1 en 2016–2017 ?;Claude Puel;Christophe Galtier;Lucien Favre;2
club;Quel entraîneur a dirigé l’équipe lors de la victoire en Coupe de France en 1997 ?;Gernot Rohr;Silvester Takac;Guy David;1
club;Qui était l’entraîneur du Gym au moment de la remontée en Ligue 1 en 2001-2002 ?;Gérard Gili;Sandro Salvioni;Albert Emon;1
club;Quel entraîneur est revenu en 2022 pour un second passage après une expérience au Borussia Dortmund ?;Patrick Vieira;Christophe Galtier;Lucien Favre;2
club;Qui a été nommé entraîneur principal de l’OGC Nice à l’été 2021 ?;Claude Puel;Christophe Galtier;Bruno Génésio;1
club;Quel entraîneur a quitté le Gym pour prendre la tête du PSG en 2022 ?;Patrick Vieira;Christophe Galtier;Adrian Ursea;1
club;Quel coach a été limogé en 2023 après des résultats jugés insuffisants malgré un effectif solide ?;Didier Digard;Patrick Vieira;Lucien Favre (2e passage);2
club;Qui a pris en main l’équipe première du Gym en tant qu’intérimaire en 2023 et a séduit par sa rigueur ?;Patrick Vieira;Eric Roy;Didier Digard;2
club;En quelle année a été inauguré le Stade du Ray ?;1910;1927;1945;1
club;Quel match a marqué l’inauguration officielle de l’Allianz Riviera en 2013 ?;Nice – Lyon;Nice – PSG;Nice – Valenciennes;2
club;Quel événement sportif hors ogcnice a été organisé à l’Allianz Riviera en 2016 ?;L’Euro 2016;La coupe du mon de rugby;Les JO de la pétanque;0
club;Quelle entreprise donne son nom au stade actuel de l’OGC Nice ?;TotalEnergies;Allianz;Crédit Agricole;1
club;Quelle est la capacité officielle de l’Allianz Riviera ?;25 000 places;30 000 places;35 000 places;2
club;Quelle capacité maximale a atteint le Stade du Ray dans ses plus belles années ?;12 000 places;15 000 places;Environ 17 000 places;2
club;Quel club européen prestigieux a affronté l’OGC Nice en amical lors de la saison 2021 à l’allianz riviera ?;Juventus;AC Milan;FC Barcelone;1
club;Quelle spécificité écologique possède l’Allianz Riviera ?;Son toit est fait en algues recyclées;Il produit de l’énergie grâce à des panneaux solaires;Il est chauffé par les encouragements des ultras;1
club;Quel est le principal groupe ultra de l’OGC Nice ?;Les Briganti;Les Socca Boys;Les Ultras Populaire Sud (UPS);2
club;Dans quelle tribune historique du Stade du Ray se réunissaient les ultras niçois ?;Tribune Populaire Sud;Tribune Garibaldi;Tribune Paillon;0
club;Quel chant emblématique est souvent repris en cœur par le stade avant le coup d’envoi ?;"""Qui ne saute pas...""";"""Le chant des aiglons""";"""Nissa la Bella""";2
club;Quel accessoire est interdit en tribune mais reste souvent utilisé par les ultras pour les tifos ?;Cornes de brume;Drapeaux à paillettes;Fumigènes;2
club;Quel match à l’Allianz a donné lieu à un envahissement de terrain par les supporters en 2021 ?;Nice – Monaco;Nice – Marseille;Nice – PSG;1
club;Quel élément présent sur le maillot symbolise l’attachement du club à sa ville ?;Le logo de la région PACA;Une croix occitane;L’aigle de l’écusson de la ville de Nice;2
club;Quel maillot a particulièrement marqué la saison 2008–2009 ?;Un maillot vert fluo;Un maillot « camouflage » gris et noir;Un maillot bleu ciel;1
club;"Quel club est le rival principal de l’OGC Nice dans le ""derby de la Côte d’Azur"" ?";Montpellier;AS Monaco;Marseille;1
club;Quel autre club, au-delà de Monaco, est régulièrement l’objet d’une forte rivalité pour les supporters niçois ?;Bordeaux;Lyon;Marseille (OM);2
club;En 2021, quel événement a marqué le match entre Nice et l’OM à l’Allianz Riviera ?;Une panne d’éclairage;Une grève des ramasseurs de balle;Une bagarre générale avec envahissement du terrain;2
club;Quel résultat marquant a signé une victoire historique du Gym face à Monaco en 2017 ?;1–0 dans les arrêts de jeu;4–0 à domicile;3–2 avec un but du gardien;1
club;Quel match contre Marseille a été interrompu en 2021 après un jet de bouteille et une bagarre générale ?;Nice – Marseille en Coupe de France;Nice – Marseille (2021, en Ligue 1 à l’Allianz Riviera);match amical de pré saison;1
club;Quel club, bien que non voisin, est parfois vu comme un rival à cause de nombreuses tensions passées ?;Lorient;Toulouse;Saint-Étienne;2
club;Quel joueur inscrit un triplé au stade louis 2 lors de la remontada 4-3 en 2004-2005;Marame Vahirua;Victor Agali;Cyril Rool;1
club;Quel defenseur , passé par marseille, monaco et nice détient un record de 21 cartons rouge en championnat;Franck Jurietti;Cyril Rool;Eric di meco;1
club;En quelle année l’OGC Nice a-t-il participé pour la première fois à une Coupe d’Europe ?;1952;1956;1961;1
club;Quel club a éliminé le Gym en quarts de finale de la Coupe d’Europe des clubs champions en 1957 ?;Real Madrid;Manchester United;Benfica;0
club;En 2017, contre quel club italien Nice est-il éliminé en barrages de Ligue des Champions ?;Inter Milan;Napoli (Naples);Roma;1
club;En 2023, jusqu’à quel stade de la Ligue Europa Conférence l’OGCN est-il allé ?;Phase de groupes;Quarts de finale;Demi-finales;1
club;Contre quel club allemand Nice a-t-il joué en phase de groupes d’Europa League 2016–2017 ?;Wolfsburg;Schalke 04;Bayern Munich;1
club;Quel joueur a marqué le premier but européen de nice à l’allianz riviera contre Krasnodar en 2016 ?;Balotelli;Plea;Alexis Bosetti;2
club;En quelle année l’ogcnice perdit la finale de la coupe latine contre le FC Barcelone ?;1985;1952;1908;1
club;Quel a été la particularité du parcours du gym lors de la coupe de vainqueurs de coupe 1998 ?;8 défaites;aucune défaite dans le temps réglementaire;victoire finale;1
club;Quel joueur est connu pour avoir marqué un doublé lors de son premier derby contre marseille en 2016 ?;Alassane Pléa;Mario Balotelli;Mickaël Le Bihan;1
club;Quel est le record de points du club en Ligue 1 sur une saison (à 3 pts/victoire) ?;62;78;112;1
club;Quel joueur est le meilleur buteur de l’histoire du gym ?;Dario Cvitanich;Vic Nurenberg;Joaquim Valle;2
club;En 2012, Nice a assurée son maintien 4-3 à l’extérieur lors de la dernière journée. Contre qui ?;Lorient;Lyon;Toulouse;1
club;Qui était président du club lors de saison qui a suivi la remontée en Ligue 1, en 2002-2003 ?;Jean-Pierre Rivère;Maurice Cohen;Gilbert Stellardo;1
club;Qui fut directeur sportif lors du recrutement de Balotelli en 2016 ?;Julien Fournier;Claude Puel;Christophe Galtier;0
club;Quel niçois fut le president durant la periode 1991-1997, et remporta la coupe de france;Maurice Cohen;Andre Bois;Jean Christophe Cano;1
club;Qui fut le president pendant 10 ans, 1981 à 1991;Mario Innocentini ( bonne reponse);Andre Bois;Franco Sensi;0
club;Quel president eu le mandat le plus court de l’histoire du club ?;Robert Cassone (bonne reponse, 5 mois en 2002);Gilbert Stellardo;Maurice Cohen;0
club;Quel attaquant italien a marqué 43 buts en deux saisons avec l’OGC Nice entre 2016 et 2018 ?;Roland Linz;Marco Di Costanzo;Mario Balotelli;2
club;En 2023, qui était l’entraîneur de Nice en début de saison avant d’être remplacé ?;Christophe Galtier;Lucien Favre;Claude Puel;1
club;Qui a marqué un doublé dans la victoire contre le PSG au Parc en septembre 2023 ?;Thuram;Terem Moffi;Dante;1
club;Quelle saison voit Nice atteindre la finale de la Coupe de France, perdue face à Nantes ?;2019–2020;2021–2022;2022–2023;1
club;En janvier 2024, quel événement symbolique a été célébré au sein du club ?;Le 100e but de Balotelli;L’annonce d’un nouveau stade;Les 120 ans du club;2
club;En 2024, quel attaquant de l’ogcnice est le 2éme meilleur buteur de ligue 1 encore en activité;Andy Delort;Gaetan Laborde;Terem Moffi;1
club;Quel autre club de la galaxie Ineos était qualifié pour l Europa League en debut de saison 2024-2025;Fc Bale;Manchester United ( bonne reponse);Lausanne Sport;0
culture_locale;Quel peuple est à l’origine de la fondation de la ville de Nice, connue sous le nom de Nikaïa ?;Les Romains;Les Grecs de Phocée;Les Gaulois;1
culture_locale;En quelle année la ville de Nice a-t-elle été définitivement rattachée à la France ?;1830;1901;1860;2
culture_locale;Avant 1860, à quel royaume appartenait la ville de Nice ?;L’Empire Austro-Hongrois;Le Royaume de Piémont-Sardaigne;Le Royaume-Uni;1
culture_locale;Quel traité a officialisé le rattachement de Nice à la France ?;Le Traité de Rome;Le Traité de Versailles;Le Traité de Turin;2
culture_locale;Quel grand personnage historique a fait une halte à Nice en 1796, lors de la campagne d’Italie ?;Victor Hugo;Napoléon Bonaparte;Charlemagne;1
culture_locale;Quelle révolte populaire a marqué la ville de Nice en 1871 contre l’administration française ?;La Commune de Nice;Les vépres niçoises;Les émeutes de la Socca;1
culture_locale;Quel nom portait la colline aujourd’hui appelée “Colline du Château” durant l’Antiquité ?;Colline Impériale;Colline de Jupiter;Le site de l’acropole grecque;2
culture_locale;En 1942, la ville de Nice est occupée par :;Les Allemands;Les Anglais;Les Italiens;2
culture_locale;Quelle ancienne cité romaine s’est développée sur la colline de Cimiez ?;Forum Julii;Cemenelum;Massilia;1
culture_locale;Quel roi de France a visité Nice en 1538 pour négocier la paix entre François Ier et Charles Quint ?;Louis XIV;François Ier;Henri IV;1
culture_locale;Que se passe-t-il à Nice pendant la Révolution française ?;Elle devient une ville indépendante;Elle reste fidèle à la monarchie;Elle est réunie à la France en 1793;2
culture_locale;Quelle est la particularité de l’année 1860 concernant la langue parlée à Nice ?;Le niçois devient langue officielle en France;Le français est interdit à Nice;Le français remplace progressivement l’italien comme langue administrative;2
culture_locale;Qui fut maire de Nice pendant près de 24 ans, entre 1995 et 2008 ?;Jacques Peyrat;Christian Estrosi;Éric Ciotti;0
culture_locale;Quel quartier historique de Nice est célèbre pour ses ruelles étroites, ses façades colorées et son marché aux fleurs ?;Jean-Médecin;Les Musiciens;Le Vieux-Nice;2
culture_locale;Quel quartier niçois, perché sur les hauteurs, est réputé pour ses vestiges romains et son ancien monastère ?;Magnan;Cimiez;Fabron;1
culture_locale;Quel quartier de Nice est célèbre pour son architecture Belle Époque et ses nombreux hôtels particuliers ?;Riquier;Les Musiciens;Le Port;1
culture_locale;Quel quartier de Nice est situé à l’est du port et marque la transition vers la route de la Moyenne Corniche ?;Cimiez;Mont Boron;Las Planas;1
culture_locale;Quel monument emblématique se dresse au sommet de la colline du Château, offrant une vue panoramique sur la baie de Nice ?;Le Fort Mont-Alban;La Tour Bellanda;Les ruines du château médiéval et la cascade artificielle;2
culture_locale;Quel est le nom de la célèbre cathédrale baroque située au cœur du Vieux-Nice ?;Église Sainte-Réparate;Cathédrale Sainte-Réparate;Église Saint-François-de-Paule;1
culture_locale;Quel édifice militaire surplombe la ville depuis les hauteurs de la colline de Mont Boron ?;Le Fort du Ray;La Citadelle;Le Fort Mont-Alban;2
culture_locale;Quel bâtiment abrite le musée Matisse dans le quartier de Cimiez ?;L’Hôtel Régina;La Villa des Arènes;Le Palais Lascaris;1
culture_locale;Quel monument niçois est dédié aux soldats morts pour la France durant la Première Guerre mondiale ?;La Croix de Cimiez;Le Monument aux Morts de Rauba-Capèu;La colonne du centenaire;1
culture_locale;Quel palais baroque du Vieux-Nice abrite aujourd’hui un musée de musique ancienne ?;Le Palais Sarde;Le Palais Masséna;Le Palais Lascaris;2
culture_locale;Où peut-on admirer la célèbre colonne du Centenaire, construite en 1893 pour commémorer le rattachement de Nice à la France ?;Sur la place Masséna;Devant la cathédrale Sainte-Réparate;Dans le jardin Albert 1er;2
culture_locale;Quel lieu emblématique de Nice, aujourd’hui disparu, accueillait les grands matchs de football avant l’Allianz Riviera ?;Le Stade Saint-Augustin;Le Stade Méditerranée;Le Stade du Ray;2
culture_locale;Quelle spécialité culinaire niçoise est une galette à base de farine de pois chiches cuite au four ?;La pissaladière;Le pan bagnat;La socca;2
culture_locale;Que célèbre-t-on chaque année à Nice avec un grand défilé de chars fleuris et des batailles de fleurs ?;Le Festival de la Socca;Le Carnaval de Nice;La fête des vendanges;1
culture_locale;Quel est le nom du personnage traditionnel, roi du Carnaval de Nice ?;Le Baron Carnaval;Sa Majesté Carnaval;Lou Festin;1
culture_locale;Quel instrument de musique est associé à la musique traditionnelle niçoise ?;Le violon;Le fifre et tambour;L’accordéon;1
culture_locale;Quelle est la particularité du drapeau traditionnel niçois ?;Il représente une croix rouge sur fond blanc;Il est bleu, blanc et vert;Il représente un aigle rouge sur fond argenté;2
culture_locale;Quelle fête religieuse est célébrée chaque été à Cimiez, mêlant traditions païennes et chrétiennes ?;L’Assomption;La fête des Mai;La fête de la Saint-Jean;1
culture_locale;Quel ingrédient ne fait pas partie de la salade niçoise ?;Haricots verts;Cébettes;œuf;0
culture_locale;Quel ingrédient ne fait pas partie du pan bagnat niçois ?;fevettes;artichauts;Courgette grillée;2
culture_locale;Dans quel parc retrouve t on des danseurs traditionnels niçois au mois de Mai;La coulée verte;Les arènes de Cimiez;Le castel des 2 rois;1
culture_locale;Quel peintre fauviste et moderne a vécu à Nice pendant plusieurs années et y possède un musée ?;Pablo Picasso;Claude Monet;Henri Matisse;2
culture_locale;Quel célèbre philosophe allemand a séjourné régulièrement à Nice et y a écrit une partie de “Ainsi parlait Zarathoustra” ?;Karl Marx;Emmanuel Kant;Friedrich Nietzsche;2
culture_locale;En quelle année le musée Marc Chagall a-t-il ouvert ses portes à Nice ?;1953;1973;1991;1
culture_locale;Quel événement sportif majeur a été accueilli par Nice en 2016 ?;Les Jeux Olympiques;La Coupe du monde de rugby;La Coupe d’Europe de football (Euro);2
culture_locale;Quel musée niçois abrite une importante collection d’art contemporain ?;Le musée des Beaux-Arts;Le musée Chagall;Le MAMAC (Musée d’Art Moderne et d’Art Contemporain);2
culture_locale;Quelle personnalité politique a été maire de Nice à plusieurs reprises et ministre de l’Industrie ?;Jean Médecin;Éric Ciotti;Christian Estrosi;2
culture_locale;Quel artiste, grande figure de l’Ecole de Nice, etait particulierement connu pour ses ecritures;Ben;Henri Matisse;Yves Klein;0
culture_locale;Quelle humoriste est connu pour son interpretation de mado la niçoise;Florence foresti;Noelle Pernat;Anne Roumanoff;1
culture_locale;Quelle grande course pédestre relie chaque année Nice à Cannes en longeant la Méditerranée ?;Le Marathon du Sud;Le Marathon des Alpes-Maritimes;La Promenade Run;1
culture_locale;Quel club de basketball niçois joue en championnat national ?;Nice Slam Dunk;OGC Basket;Nice Cavigal Basket;2
culture_locale;Quelle équipe féminine de handball représente la ville de Nice au niveau professionnel ?;Nice Azur Hand;OGC Nice Côte d’Azur Handball Féminin;Handball Club Méditerranée;1
culture_locale;Quelle épreuve internationale de triathlon passe par Nice, réputée pour son exigence ?;L’Ultra Tri Riviera;Ironman France Nice;Le Méga Run Méditerranée;1
culture_locale;Quel complexe aquatique niçois est utilisé pour la natation sportive et les compétitions ?;Piscine Méditerranée;Piscine Jean Bouin;Piscine du Ray;1
culture_locale;Quel club de rugby niçois évolue dans les divisions nationales ?;Rugby Côte Bleue;Stade Niçois Rugby;Cavigal Rugby;1
culture_locale;Quel nageur, licencié à l’Olympic Nice Natation pendant près de 10 ans fut doublé medaillé au JO de londres en 2012;Florent Manaudou;Yannick Agnel;Franck Esposito;1
culture_locale;Quelle nageuse niçoise, malheureusement décédé à seulement 25 ans, est triple médaillée aux JO de londres 2012;Camille Muffat;Laure Manaudou;Marie José Perec;0
culture_locale;Quel niçois fut champion de France, d’europe et du monde de Karaté, et accessoirement coach sportif à la star academy;Christophe Pinna;Brahim Asloum;Jackie Chan;0
culture_locale;Il fut pilote de Formule 1 en 2013 et 2014 pour l’écurie Marussia et décéda à la suite d’un accident au Grand Prix du Japon;Pierre Gasly;Jules Bianchi;Charles Leclerc;1
culture_locale;Quelle niçoise, star du patinage artistique, participa à 3 éditions des Jeux Olympiques;Tonya Harding;Surya Bonaly;Andrée Joly;1
culture_locale;Quelle joueuse de tennis professionelle niçoise parvint à se hisser à la 11 eme place du classement wta en 2009;Laure Manaudou;Alize Cornet;Mary Pierce;1
culture_locale;Quel est le nom du pilote de moto niçois, champion du monde de moto gp en 2021;David Casteu;Christian Estrosi;Fabio Quartararo;2
culture_locale;Quel grand espace vert relie la place Masséna au Théâtre National, en plein cœur de Nice ?;Le Parc des Collines;Le Jardin du Ray;La Promenade du Paillon;2
culture_locale;Quel jardin botanique situé sur les hauteurs de Nice abrite plus de 3 000 espèces végétales ?;Jardin Phoenix;Jardin Botanique de Nice (Corniche Fleurie);Jardin Méditerranéen de Cimiez;1
culture_locale;Quelle colline offre un panorama sur le port de Nice, la baie des Anges, et la rade de viffefranche en plus d’un parc boisé ?;Colline du Château;Colline du Mont Boron;Colline de Cimiez;1
culture_locale;Quel espace vert abrite une cascade artificielle célèbre, vestige romantique du XIXe siècle ?;Parc Phoenix;Colline du Château;Jardin Alsace-Lorraine;1
culture_locale;Quel parc niçois, situé dans le quartier Magnan, est connu pour ses aires de jeux et ses fontaines ?;Parc Jean Bouin;Castel des 2 rois;Parc Carol de Roumanie;2
culture_locale;Quel parc floral et zoologique est situé à proximité de l’aéroport de Nice ?;Parc des Arènes;Parc Phoenix;Parc Méditerranée;1
culture_locale;Quel parc est niché à proximité des arènes romaines ?;Jardin des Arènes de Cimiez;Parc Libération;Jardin Riquier;0
culture_locale;Quelle promenade naturelle longe le littoral entre Nice et Villefranche-sur-Mer ?;Sentier du Littoral (Chemin des Douaniers);Promenade du Bord d’Azur;Voie Bleue;0
culture_locale;Quel est le plus long fleuve des Alpes Maritimes ?;Le Loup;La Vésubie;Le Var;2
culture_locale;Quelle colline de Nice, aujourd’hui résidentielle, était autrefois couverte d’oliveraies ?;La colline de Fabron;La colline Saint-Roch;La colline de Las Planas;0
culture_locale;Quel type de plage est typique du bord de mer niçois ?;Plage de sable blanc;Plage volcanique;Plage de galets;2
culture_locale;Quelle plage est située juste à côté du Quai des États-Unis, en plein centre-ville ?;Plage Beau Rivage;Plage Sainte-Hélène;Plage Arénas;0
culture_locale;Quelle plage privée historique de Nice a vu passer célébrités et têtes couronnées ?;Castel Plage;Ruhl Plage;Voilier Plage;1
culture_locale;Quel est le surnom poétique donné à la baie sur laquelle s’ouvre le front de mer niçois ?;La baie turquoise;La Baie des Anges;La Baie du Soleil;1
culture_locale;Quel espace maritime protégé jouxte le littoral niçois et fait l’objet de campagnes de préservation ?;La réserve de Cap Ferrat;Le sanctuaire Pelagos;Le parc marin des Galets;1
culture_locale;Quel secteur est historiquement le plus important pour l’économie niçoise ?;L’agriculture;L’industrie lourde;Le tourisme;2
culture_locale;Quelle entreprise de transport urbain gère le réseau de bus et tramways à Nice ?;TransAzur;Lignes d’Azur;AzurBus;1
culture_locale;Quelle spécialité agricole est produite sur les collines niçoises, notamment à Bellet ?;Des olives farcies;Des truffes;Du vin AOC;2
culture_locale;Quelle entreprise niçoise est célèbre pour ses produits alimentaires (cuisine niçoise, condiments, raviolis, pates…) ?;Maison Barale;Florette;Findus;0
culture_locale;Quel port niçois accueille à la fois des ferries, des bateaux de croisière et des pêcheurs locaux ?;Port Ségurane;Port Lympia;Port Bonaparte;1
culture_locale;Quelle entreprise niçoise est spécialisée dans l’impression et la vente d’art local et souvenirs illustrés ?;PrintAzur;Éditions Giletta;Hello Riviera;1
culture_locale;Quelle zone d’aménagement stratégique a été créée pour dynamiser l’économie de l’ouest niçois ?;Technoval;Éco-Vallée Plaine du Var;Azur Technopark;1
culture_locale;Quelle est la principale université publique de Nice ?;Université du Sud;Université de Provence;Université Côte d’Azur;2
culture_locale;Quel est le campus universitaire emblématique situé sur les hauteurs nord de la ville ?;Campus Carlone;Campus Valrose;Campus Saint-Roch;1
culture_locale;Dans quel ancien domaine aristocratique est installé le campus Valrose ?;Domaine de Cimiez;Château Gairaut;Domaine du Baron von Derwies;2
culture_locale;Quel service universitaire gère les logements étudiants, les repas au RU et les bourses à Nice ?;France Travail;CROUS Nice-Toulon;URSSAF Étudiant;1
culture_locale;Quelle grotte préhistorique, située au cœur de Nice, témoigne d’une occupation humaine datant de plus de 400 000 ans ?;Grotte des Bains de la Police;Grotte du Lazaret;Grotte de Cimiez;1
culture_locale;Dans quel quartier se cache une ancienne voie romaine encore visible, dite “chemin de la Via Julia Augusta” ?;Le Port;Magnan;Cimiez;2
culture_locale;Quel lieu abrite les vestiges d’un amphithéâtre romain, des thermes et un monastère franciscain ?;Le Jardin Alsace-Lorraine;Les Arènes de Cimiez;La Place Garibaldi;1
culture_locale;Quel petit passage couvert relie discrètement la rue Masséna à la rue de la Liberté ?;Passage Gairaut;Passage Émile Négrin;Galerie Mozart;1
culture_locale;Quel cimetière surplombant la vieille ville offre une vue spectaculaire sur la Baie des Anges ?;Cimetière du Ray;Cimetière du Château;Cimetière de Cimiez;1
culture_locale;Quel ancien hôtel Belle Époque a accueilli la Reine Victoria et peut être admiré depuis les hauteurs de Cimiez ?;Hôtel Victoria;Le Grand Hôtel Le Régina (aujourd’hui résidence privée);Hôtel Windsor;1
culture_locale;Quel tunnel sous terrain de 2000m² est considéré comme la seconde crypte en france après celle du louvre;La crypte archéologique, place garibaldi;La grotte du Lazaret;La crypte de Cimiez;0
culture_locale;Dans quel quartier niçois peut-on encore observer les ruines d’un aqueduc romain peu connu du grand public ?;Saint-Sylvestre;Gairaut;Fabron;1
culture_locale;Quel célébre batiment à été disposé le long d’une jeté dans la mer, sur la Promenade des Anglais au 19ème siecle;Le casino de la jetéé promenade;Le Negresco;Le Ruhl;0
foot;Quelle nation a remporté la première Coupe du Monde en 1930 ?;Brésil;Uruguay;Italie;1
foot;Quelle équipe a gagné la Coupe du Monde 1998 organisée en France ?;Brésil;Allemagne;France;2
foot;Qui a marqué le but décisif en finale de la Coupe du Monde 2010 ?;Andrés Iniesta;David Villa;Xavi Hernandez;0
foot;Quelle nation détient le plus grand nombre de victoires en Coupe du Monde en 2025 ?;Brésil;Allemagne;Italie;0
foot;En 2018, quel joueur français a été élu meilleur jeune de la Coupe du Monde ?;Antoine Griezmann;Kylian M’Bappé;Paul Pogba;1
foot;Quel joueur a été le plus jeune buteur de l’histoire des finales de Coupe du Monde avant M’bappé ?;Pelé;Eusébio;Ronaldo;0
foot;Quelle équipe a perdu la finale de la Coupe du Monde 1954 surnommée « le miracle de berne »;Hongrie;Allemagne de l’Ouest;Uruguay;0
foot;Quelle équipe africaine a été la première à atteindre les 1/4 de finale d’une Coupe du Monde;Cameroun;Sénégal;Ghana;0
foot;Lors de la Coupe du Monde 1986, quel joueur a marqué le célébre « but de la main de dieu » ?;Zico;Diego Maradona;Michel Platini;1
foot;Quelle équipe a marqué le plus de buts lors d’une seule édition de Coupe du Monde ?;Hongrie 1954;Brésil 1970;Allemagne 2014;0
foot;Quel club a remporté le plus grand nombre de Ligues des Champions en 2025 ?;Real Madrid;Milan AC;Bayern Munich;0
foot;Qui a marqué le but décisif en finale de Ligue des Champions 2022 entre le Real Madrid et Liverpool ?;Vinicius Jr;Karim Benzema;Luka Modric;0
foot;Quelle équipe anglaise a remporté la Ligue des Champions en 2012 grâce à un but de Didier Drogba ?;Manchester United;Chelsea;Arsenal;1
foot;Quelle équipe a perdu la finale de Ligue des Champions 2005 après avoir mené 3-0 à la mi-temps ?;Milan AC;Juventus;Arsenal;0
foot;Quelle équipe a remporté la toute premiere Coupe des Clubs Champions Européens en 1956 ?;Real Madrid;Stade de Reims;Milan AC;0
foot;Qui a marqué un but légendaire en reprise de volée lors de la finale Ligue des Champions 2002 ?;Zinedine Zidane;Thierry henry;David Trezeguet;0
foot;Quelle équipe espagnole a remporté la Ligue Europa 3 fois de suite entre 2014 et 2016;FC Barcelone;Real Madrid;FC Seville;2
foot;Quelle équipe a remporté la Ligue des Champions 2019 avec Jürgen Klopp comme entraîneur ?;Liverpool;Manchester City;Chelsea;0
foot;Quel club a remporté la dernière Coupe d’Europe des Vainqueurs de Coupes avant sa disparition en 1999 ?;Lazio Rome;Manchester United;Milan;0
foot;Quel club français est surnommé « les verts » ?;As St Etienne;Fc Nantes;Girondins de Bordeaux;0
foot;Quel joueur français a marqué un doublé en finale de la Coupe du Monde 1998 ?;Thierry Henry;Zinedine Zidane;David Trezeguet;1
foot;Quel club français a remporté le plus de titres de champion de France ?;As St Etienne;Paris Saint Germain;Olympique de Marseille;1
foot;Dans quelle ville se trouve le « Groupama Stadium » ?;Marseille;Lyon;Lille;1
foot;Quel joueur français a remporté le Ballon d’Or en 2022 ?;Antoine Griezmann;Karim Benzema;Kylian Mbappé;1
foot;Quel club français a atteint la finale de Coupe d’Europe des Clubs Champions en 1976 ?;AS St Etienne;Olympique de Marseille;Stade de Reims;0
foot;Quelle équipe était surnommée « le carré magique » dans les années 1980 ?;Equipe de France;Girondins de Bordeaux;Olympique de Marseille;0
foot;Quel club français a disputé la finale de Coupe d’Europe en 1956 ?;Stade de Reims;OGC Nice;Rc Lens;0
foot;Quel joueur a le plus grand nombre de séléctions en Equipe de France ?;Lilian Thuram;Hugo Lloris;Olivier Giroud;1
foot;Quel club français est surnommé « les dogues » ?;RC Lens;Losc Lille;Fc Metz;1
foot;Quel club français a été Champion de Ligue 1 en 2021, interrompant la domination du PSG ?;Lille;Monaco;Lyon;0
foot;Quel est le surnom du club de Manchester United ?;Reds;Red devils;Blues;1
foot;Quel club joue ses matchs au stade de San Siro ?;Juventus de Turin;Inter Milan;As Rome;1
foot;Quel club portugais est représenté par un aigle sur son blason ?;Fc Porto;Benfica Lisbonne;Sporting Portugal;1
foot;Quel club argentin est le plus gros rival de River Plate ?;Boca Juniors;Independiente;San Lorenzo;0
foot;Quel club néerlandais est célèbre pour son centre de formation appelé « De Toekomst »;Feyenoord;Ajax Amsterdam;PSV Eindhoven;1
foot;Quel est le premier club britannique à remporter la Coupe d’Europe des Clubs Champions en 1967 ?;Glasgow Rangers;Celtic Glasgow;Aberdeen;1
foot;Quel club turc est le plus titré du pays ?;Galatasaray;Fenerbahce;Besisktas;0
foot;Quel club brésilien a révélé Neymar avant son transfert au FC Barcelone ?;Flamengo;Santos;Palmeiras;1
foot;Quel club anglais est surnommé « the citizens » ?;Arsenal;Manchester City;Chelsea;1
foot;Quel club mexicain est le plus titré du pays ?;Tigres;America;Chivas Guadalajara;1
foot;Quel joueur brésilien est le seul joueur a avoir gagné 3 finales de coupe du monde ?;Pelé;Ronaldo;Neymar;0
foot;Quel joueur français a gagné le Ballon d’Or en 1998 ?;Thierry Henry;Zinedine Zidane;Michel Platini;1
foot;Quel joueur portugais est célèbre pour son numéro 7 et ses nombreux records ?;Cristiano Ronaldo;Eusebio;Luis Figo;0
foot;Qui est le joueur ayant reçu le plus de Ballon d’or ?;Messi;Crstiano Ronaldo;Maradona;0
foot;Quel joueur néerlandais a révolutionné le football moderne et inspiré le « football total » ?;Ruud Gullit;Johan Cruyff;Marco Van Basten;1
foot;Quel joueur a remporté 3 ballons d’or consécutifs entre 1983 et 1985 ?;Michel Platini;Diego Maradona;Franz Beckenbauer;0
foot;Quel joueur a remporté la coupe du monde 1990 et le Ballon d’Or la même année ?;Lothar Matthäus;Franz beckenbauer;Karl-heinz Rummenigue;0
foot;Quel footballeur brésilien, surnommé « el fenomeno » a été champion du monde 1994 et 2002 ?;Rivaldo;Ronaldo;Ronaldinho;1
foot;Quel gardien italien, champion du monde 2006, est considéré comme une légende de la Juventus ?;Dino Zoff;Gianluigi Buffon;Walter Zenga;1
foot;Quel joueur italien de la Roma, a porté le brassard de capitaine pendant plus de 15 ans ?;Alessandro Del Piero;Francesco Totti;Andrea Pirlo;1
foot;Que signifie l’acronyme VAR dans la football moderne ?;Video Assitance Referee;Virtual Action Replay;Visual Anlysis Report;0
foot;Quelle est la distance minimale entre le ballon est le mur défensif sur un coup franc ?;7 mètres;9,15 mètres;10 mètres;1
foot;Depuis quand l’arbitrage vidéo est-il utilisé en Coupe du Monde ?;2014;2018;2022;1
foot;Quelle est la durée d’un match, prolongations incluses ?;100 minutes;120 minutes;130 minutes;1
foot;Quelle décision prend l’arbitre en cas de but direct sur une touche ?;Validation du but;Touche à rejouer;But refusé, 6 mètres;2
foot;Quel joueur détient le plus grand nombre de buts inscrits en Coupe du Monde en 2025 ?;Ronaldo;Miroslav Klose;Lionel Messi;1
foot;Quel joueur français est le meilleur buteur de l’histoire de l’Equipe de France ? (En octobre 2025);Kylian Mbappé;Olivier Giroud;Thierry Henry;1
foot;Quel gardien détient le plus grand nombre de matchs sans encaisser de buts ?;Iker Casillas;Gianluigi Buffon;Manuel Neuer;1
foot;Quel pays détient le record de finales de Coupe du Monde perdues ?;Allemagne;Brésil;Pays-bas;0
foot;Quel joueur a disputé le plus grand nombre de matchs en Coupe du Monde ? (en octobre 2025);Lothar Matthäus;Lionel Messi;Paolo Maldini;1
foot;Quel club détient le record d’invicibilité en championnat de france ?;PSG;Nantes;Lyon;1
foot;Quel joueur a remporté le plus de titres collectifs dans l’histoire du football ?;Lionel Messi;Dani Alves;Cristiano Ronaldo;0
foot;Quel joueur a marqué le plus grand nombre de buts en une seule saison de Ligue de Champions ? (17);Cristiano Ronaldo;Robert Lewandoski;Lionel Messi;0
foot;Quel club européen a remporté le plus grand nombre de championnats nationaux dans son pays ?;Rangers FC;Real Madrid;Juventus Turin;0
foot;Qui détient le plus grand nombre de buts officiels en carrière ? (en octobre 2025) +850 buts;Lionel Messi;Cristiano Ronaldo;Pelé;1
foot;Quel entraîneur français a conduit l’équipe de France à la victoire en Coupe du Monde 2018 ?;Raymond Domenech;Laurent Blanc;Didier Deschamps;2
foot;Quel entraîneur espagnol est connu pour avoir popularisé le « tiki-taka » avec le FC Barcelone ?;Pep Guardiola;Luis Enrique;Vicente Del Bosque;0
foot;Quel célèbre entraîneur portugais est surnommé « The Special One » ?;Fernando Santos;José Mourinho;Jorge Jesus;1
foot;Quel entraîneur italien a remporté la Ligue des Champions avec l’AC Milan et le Real Madrid ?;Fabio Capello;Carlo Ancelotti;Roberto Mancini;1
foot;Quel entraîneur écossais a dirigé Manchester United pendant plus de 25 ans ?;Matt Busby;Alex Fergusson;David Moyes;1
foot;Quel entraîneur allemand est connu pour la démocratisation du « gegenpressing », le pressing après perte ?;Thomas Tuchel;Jurgen Klopp;Ralf Rangnick;2
foot;Quelle équipe anglaise a remporté la Ligue des Champions en 2008 ?;Chelsea;Manchester United;Liverpool;1
foot;Quelle équipe nationale a gagné l’Euro 2004 sous la direction d’Otto Rehhagel ?;Grèce;Portugal;République Tchèque;0
foot;Quel entraîneur français a remporté 3 fois la Ligue des Champions d’affilée ?;Arsène Wenger;Didier Deschamps;Zinédine Zidane;2
foot;Quelle expression italienne designe un style de jeu très défensif et organisé ?;Calcio;Catenaccio;Pressing Alto;1
foot;Quelle équipe nationale est surnommée « la Seleçao » ?;Brésil;Espagne;Portugal;0
foot;Quelle équipe a remporté l’Euro 2020 (joué en 2021) ?;Angleterre;Italie;Espagne;1
foot;Quelle équipe a remporté la Coupe d’Afrique des Nations en 2023 ?;Egypte;Côte d’Ivoire;Maroc;1
foot;Quelle équipe d’Amerique du Sud est la plus titrée en Copa America ? (en 2025);Bresil;Argentine;Uruguay;1
foot;Quelle selection asiatique a atteint les demi-finales de la Coupe du Monde 2002 ?;Japon;Corée du Sud;Arabie Saoudite;1
foot;Quel joueur camerounais est le meilleur buteur de l’histoire de la Coupe d’Afrique des Nations ?;Samuel Eto’o;Roger Milla;Didier Drogba;0
foot;Quelle équipe de l’est a remporté l’Euro 1976 ?;Hongrie;Tchécoslovaquie;Yougoslavie;1
foot;Quelle nation a remporté le plus grand nombre de Coupe d’Asie ?;Japon;Corée du Sud;Arabie Saoudite;0
foot;Quelle nation africaine a été la première à atteindre une demi-finale de Coupe du Monde;Ghana;Maroc;Cameroun;1
foot;Quelle sélection européenne est surnommée « la Nati » ?;Suisse;Autriche;Croatie;0
foot;Quelle équipe nationale sud américaine est surnomméé « la Celeste » ?;Uruguay;Argentine;Paraguay;0
foot;Quelle marque équipe officiellement la majorité des Coupes du Monde depuis 1970 ?;Nike;Adidas;Puma;1
foot;Quel club anglais est né en 1878 sous le nom de « Newton Heath » ?;Liverpool;Arsenal;Manchester United;2
foot;Quelle équipe nationale a pour surnom « les Diables Rouges »;Belgique;Suisse;Espagne;0
enfants;Que signifie le “OGC” dans OGC Nice ?;Ouh Génial Club !;Organisation Générale de la Côte;Olympique Gymnaste Club;2
enfants;Quel est le surnom souvent donné aux joueurs de l’OGC Nice ?;Les Aiglons;Les Pitchouns;Les Oursins;0
enfants;Combien de fois l’OGC Nice a-t-il été champion de France ?;Jamais, mais ils sont sympas quand même;4 fois;19 fois… dans leurs rêves !;1
enfants;Dans les années 1950, l’OGC Nice était…;Une équipe de water-polo;Super fort et gagnait plein de titres;Un restaurant de socca;1
enfants;Quel ancien stade a longtemps été la maison de l’OGC Nice ?;Le Ray;Le stade des Cigales;L’Allianz Marseille Arena;0
enfants;Quelle sont les couleurs de l’OGC Nice ?;Bleu;Rouge et noir;Rose fluo;1
enfants;Quel joueur est considéré comme une légende du club dans les années 1970 ?;Jean-Pierre Papin;lionel Messi;Jean-Marc Guillou;2
enfants;Quel est le nom du stade actuel de l’OGC Nice ?;Stade du Vieux-Port;Stade de la Socca Riviera;Allianz Riviera;2
enfants;En quelle année l’OGC Nice a-t-il remporté sa dernière Coupe de France ?;1997;2024;1904;0
enfants;Quel ancien joueur de l’OGC Nice a ensuite été champion d’Europe avec l’équipe de France en 1984 ?;Zinédine Zidane;Daniel Bravo;Jean Tigana;1
enfants;Qui était l’entraîneur de l’OGC Nice lors de la montée en Ligue 1 en 2002-2003 ?;Christophe Galtier;Didier Deschamps;Gernot Rohr;2
enfants;En 2016, l’OGC Nice termine 4e de Ligue 1 avec un entraîneur suisse. Quel est son nom ?;Roger Federer;Lucien Favre;Jean-Luc Lausanne;1
enfants;Quel célèbre buteur italien a porté le maillot de l’OGC Nice en 2016 ?;Mario Bros;Mario Balotelli;Mario Kartelli;1
enfants;Quel joueur formé à Nice est devenu capitaine de l’équipe de France ?;Claude Makélélé;Hugo Lloris;Michel Platini;1
enfants;Qui est l’entraineur de l’OGC Nice lors de la saison 2025-2026;Didier Deschamps;Franck Haise;Claude Puel;0
enfants;Qui est le Brésilien capitaine de l’ogcnice ?;Ronaldinho;Dante;Neymar;1
enfants;Quel joueur offensif, dribbleur exceptionnel à fait le bonheur de l’ogcnice en 2015 ?;Ronaldo;Hatem Ben Arfa;Lionel Messi;1
enfants;Quelles sont les deux couleurs principales du maillot de l’OGC Nice ?;Bleu et blanc;Rouge et noir;Vert et jaune;1
enfants;Quel animal est la mascotte du club ?;Un aigle;un tigre;un lion;0
enfants;"Pourquoi les joueurs de l’OGC Nice sont appelés ""les Aiglons"" ?";Parce qu’ils volent sur le terrain !;À cause de l’aigle sur le blason de la ville;Parce qu’ils adorent les œufs;1
enfants;Où se trouve l’aigle sur le maillot officiel de l’OGC Nice ?;sur les chaussettes;Dans le col;Sur l’écusson du club;2
enfants;À l’extérieur, le maillot de l’OGC Nice peut être…;Complètement transparent;Rose fluo avec des paillettes;Blanc, bleu ou parfois doré selon les saisons;2
enfants;Quel équipementier fabrique actuellement les maillots de l’OGC Nice (saison 2024-2025) ?;Adidas;Nike;le coq sportif;2
enfants;Comment s’appelle le stade actuel de l’OGC Nice ?;Stade du Ray;Allianz Riviera;Stade de la Plage;1
enfants;Avant l’Allianz Riviera, où l’OGC Nice jouait-il ses matchs ?;Au sommet du Mont Boron;Sur la Promenade des Anglais;Au Stade du Ray;2
enfants;Dans quel quartier se trouvait le Stade du Ray ?;Vieux Nice;Ray;Port;1
enfants;En quelle année l’OGC Nice a-t-il commencé à jouer à l’Allianz Riviera ?;2013;2000;1880;0
enfants;Combien de spectateurs peut accueillir l’Allianz Riviera environ ?;5 000;35 000;100 000;1
enfants;À côté de l’Allianz Riviera, on trouve aussi…;Un élevage d’aigles;Le Musée National du Sport;Une usine de socca;1
enfants;Que trouve-t-on dans les tribunes du stade ?;Des supporters qui chantent;Des gens qui dorment;Des bouées gonflables;0
enfants;Comment s’appelle la tribune des supporters les plus bruyants ?;Tribune présidentielle;Tribune Populaire Sud;Loges;1
enfants;Qu’est-ce qu’on entend souvent dans le stade quand Nice marque un but ?;Un concert de klaxons;Le chant “Issa Nissa !”;Des miaulements;1
enfants;Quel cri les supporters niçois scandent-ils pour encourager leur équipe ?;“Allez les bleus !”;“C’est nous les plus beaux !”;“Issa Nissa !”;2
enfants;Comment s’appelle le groupe de supporters les plus connus à Nice ?;Les Aigles Noirs;Les Ultras de la Mer;Les Populaires Sud;2
enfants;Quel est le rôle du “12e homme” dans une équipe de football ?;C’est un joueur de rechange qui entre en trottinette;C’est le cuisinier du vestiaire;Ce sont les supporters, qui motivent leur équipe;2
enfants;Que montre l’arbitre quand un joueur fait une grosse faute ?;Un carton jaune ou rouge;Un ballon;Un drapeau;0
enfants;Que doit faire un joueur pour marquer un but ?;Envoyer le ballon dans le but adverse;Passer le ballon à son gardien;Tirer un corner;0
enfants;Que fait-on quand un joueur est blessé ?;On arrête le jeu pour le soigner ou on le remplace;On continue à jouer;On lui donne un carton rouge;0
enfants;Quel joueur Argentin a gagné la Coupe du Monde 2022 avec son équipe ?;Lionel Messi;Cristiano Ronaldo;Antoine Griezmann;0
enfants;Quel célèbre joueur a porter le maillot du Real Madrid, de la Juventus et de Manchester United;Cristiano Ronaldo;Erling Haaland;Kylian M’Bappé;0
enfants;Quel ancien joueur Argentin des années 80/90 est considéré comme une légende du football ?;Diego Maradona;Lionel Messi;Pelé;0
enfants;Quel club d’Angleterre joue dans un stade appelé « OLD TRAFFORD » ?;Chelsea;Manchester United;Milan;0
enfants;Quel grand club italien joue avec un maillot rayé noir et blanc ?;Juventus de Turin;Inter Milan;As Rome;0
enfants;Quel club français joue au stade Vélodrome ?;Paris st germain;Olympique Lyonnais;Olympique de Marseille;0
enfants;Quel club allemand a remporté beaucoup de championnats et joue ses matchs à Munich ?;Borussia Dortmund;Bayern Munich;RB Leipzig;0
enfants;Comment s’appelle le geste ou le joueur frappe le ballon avant qu’il ne touche le sol ?;Une reprise de volée;Une passe;Un penalty;0
enfants;Quand un joueur passe le ballon à un coéquipier on dit qu’il fait …;Un dribble;Une passe;Un corner;0
enfants;Quand un joueur fait tomber un adversaire sans toucher le ballon dans la surface de réparation c’est;Corner;Penalty;Touche;0
enfants;Quand un joueur passe la balle à un coéquipier qui marque juste après c’est;Une passe ratée;Une passe en touche;Une passe décisive;0
enfants;Quel équipement le gardien est-il le seul à mettre pour jouer ?;Des gants;Des chaussettes;Des bracelets;0
enfants;Que portent les joueurs pour protéger leurs jambes ?;Des protège tibias;Des genouillères;Un pantalon;0
enfants;Que porte un gardien de but pour se différencier des autres joueurs ?;Un maillot d’une couleur différente;Une cape;Une écharpe;0
enfants;La coupe du monde de football a lieu tous les …;2 ans;4 ans;6 ans;0
enfants;Quel pays a gagné la Coupe du Monde en 2018 ?;La France;L’Allemagne;L’Espagne;0
enfants;Quel joueur argentin a soulevé la Coupe du Monde en 2022 ?;Lionel Messi;Diego Maradona;Neymar;0
enfants;Comment s’appelle le trophée remis à l’équipe qui gagne la Coupe du Monde;Le super ballon d’or;Le trophée des champions;La Coupe du Monde;0
enfants;Dans quel pays se joue la Premier League ?;En Espagne;En Angleterre;En Italie;0
enfants;Comment se nomme le championnat espagnol ?;La Liga;La Bundesliga;La Copa;0
enfants;Quel est le nom du championnat de football en Italie ?;Serie A;Super Cup;Liga Max;0
enfants;Comment s’appelle le championnat allemand ?;Bundesliga;Bundespizza;Bundesball;0
enfants;Quel est le nom de la mer qui borde Nice ?;L’océan atlantique;La mer méditerranée;La mer noire;0
enfants;Avant 1860, à quel royaume appartenait la ville de Nice ?;Les Etats Unis;L’Espagne;Le Comté de Savoie;0
enfants;En quelle année la Ville de Nice devient officiellement française ?;En 1860;En 1900;En 1789;0
enfants;Pourquoi la ville de Nice s’appelle ainsi ?;Elle vient du mot Niké, déesse grecque de la victoire;Parce qu’il fait beau tout le temps;Pour prendre le nom de la célèbre salade niçoise;0
enfants;Quel empereur rattacha Nice à la France ?;Emmanuel Macron;Napoleon 3;François 14;0
enfants;Comment se nomme la célèbre promenade qui long la mer à Nice ?;Promenade des Anglais;Promenade du Paillon;Promenade des Italiens;0
enfants;Que trouve-t-on sur la plage à Nice ?;Des galets;Du sable;Des coquillages géants;0
enfants;De quelle couleur est la mer à Nice lorsqu’il fait beau ?;Verte foncée;Bleue turquoise;Rouge;0
enfants;Quel est le nom du Port de Nice ?;Le port Lympia;La bonne mère;Le port des Anglais;0
enfants;Quel animal marin peut-on parfois voir au large de Nice ?;Un dauphin;Un pingouin;Un ours polaire;0
enfants;Quelle spécialité niçoise est faîte à base de farine de pois chiches ?;La socca;La pizza;La pissaladière;0
enfants;Comment s’appelle la grande salade typique de Nice, composée entre autres d’oeuf et de thon ?;La bouillabaisse;La salade niçoise;La salade césar;0
enfants;Quel est le nom de la tarte salée aux oignons, spécialité niçoise ?;La quiche lorraine;La pissaladière;La tarte à la tomate;0
enfants;Quel plat niçois se compose de légumes dans lesquelles on introduit une préparation à base de viande ?;les farcis;La pita;la pissaladière;0
enfants;Comment s’appelle la fête qui a lieu à Nice chaque année avec des chars et des confettis ?;La fête des citrons;Le carnaval;La fête du soleil;0
enfants;Pendant le carnaval de Nice, qui défile sur le plus grand char ?;Le Père Nöel;Le roi du Carnaval;Le Maire de Nice;0
enfants;Que lancent les spectateurs pendant la Bataille des Fleurs à Nice;Des ballons;Des fleurs;Des galets;0
enfants;Quel est le nom de la danse traditionnelle niçoise;La farandole;La valse;Le hip-hop;0
enfants;Quel ancien maire de Nice a donnée son nom à l’avenue centrale de la ville;Jacques Peyrat;Jean Médecin;Christian Estrosi;0
enfants;Quel peintre a vécu à Nice et à laissé son nom à un musée;Henri Matisse;Pablo Picasso;Van gogh;0
enfants;Comment s’appelle la colline verte au centre de Nice avec sa célèbre cascade ?;La colline du château;La colline des oiseaux;La colline du soleil;0
enfants;Quel fleuve traverse Nice,à l’ouest au niveau de l’aéroport ?;Le Rhône;Le Var;La Seine;0
enfants;Quel est le nom du grand parc naturel, proche de Nice, composé de montagnes et d’animaux ?;Le Parc du Mercantour;Le Parc du Soleil;Le Parc de Disneyland;0
enfants;Quel arbre aux grandes feuilles et au fruit appelé olives pousse beaucoup dans la région niçoise ?;Le chêne;L’olivier;Le pommier;0
enfants;Comment s’appelle le jardin situé à côté de la place Massena à Nice;Le jardin Albert 1er;Le jardin du Roi;Le jardin des Roses;0